INSERT INTO `accommodation` (`id_accommodation`, `name_accommodation`, `price_accommodation`) VALUES
                                                                                                  (1, 'Hotel pięcio-gwiazdkowy', 500),
                                                                                                  (2, 'Hotel cztero-gwiazdkowy', 400),
                                                                                                  (3, 'Hotel trzy-gwiazdkowy', 300),
                                                                                                  (4, 'Hotel dwu-gwiazdkowy', 250),
                                                                                                  (5, 'Hotel motel', 150);

INSERT INTO `attractions` (`id_attraction`, `name_attraction`, `price_attraction`) VALUES
                                                                                       (1, 'sauna', 650),
                                                                                       (2, 'jacuzzi', 550),
                                                                                       (3, 'przewodnik po mieście', 750),
                                                                                       (4, 'zwiedzanie miasta', 680),
                                                                                       (5, 'bar hotelowy', 460),
                                                                                       (6, 'animator dla dzieci', 600),
                                                                                       (7, 'bawialnia dla dzieci', 700),
                                                                                       (8, 'wypożyczenie samochodu', 1200);

INSERT INTO `transports` (`id_transport`, `name_transport`, `price_transport`) VALUES
                                                                                   (1, 'samolot', 500),
                                                                                   (2, 'bus', 100),
                                                                                   (3, 'łódź', 370),
                                                                                   (4, 'statek', 679),
                                                                                   (5, 'prom', 720);

INSERT INTO `countries` (`id_country`, `name_country`) VALUES
                                                           (1, 'Albania'),
                                                           (2, 'Austria'),
                                                           (3, 'Belgia'),
                                                           (4, 'Bułgaria'),
                                                           (5, 'Chorwacja'),
                                                           (6, 'Czechy'),
                                                           (7, 'Dania'),
                                                           (8, 'Estonia'),
                                                           (9, 'Finlandia'),
                                                           (10, 'Francja'),
                                                           (11, 'Grecja'),
                                                           (12, 'Hiszpania'),
                                                           (13, 'Holandia'),
                                                           (14, 'Irlandia'),
                                                           (15, 'Islandia'),
                                                           (16, 'Litwa'),
                                                           (17, 'Malta'),
                                                           (18, 'Monako'),
                                                           (19, 'Niemcy'),
                                                           (20, 'Norwegia'),
                                                           (21, 'Polska'),
                                                           (22, 'Portugalia'),
                                                           (23, 'Rumunia'),
                                                           (24, 'San Marino'),
                                                           (25, 'Słowacja'),
                                                           (26, 'Słowenia'),
                                                           (27, 'Szwajcaria'),
                                                           (28, 'Szwecja'),
                                                           (29, 'Turcja'),
                                                           (30, 'Węgry'),
                                                           (31, 'Wielka Brytania'),
                                                           (32, 'Włochy'),
                                                           (33, 'Cypr');

INSERT INTO `cities` (`id_city`, `name_city`, `id_country`) VALUES
                                                                (1, 'Berat', 1),
                                                                (2, 'Butrint', 1),
                                                                (3, 'Gjirokastra', 1),
                                                                (4, 'Korca', 1),
                                                                (5, 'Tirana', 1),
                                                                (6, 'Wiedeń', 2),
                                                                (7, 'Innsbruck', 2),
                                                                (8, 'Graz', 2),
                                                                (9, 'Linz', 2),
                                                                (10, 'Salzburg', 2),
                                                                (11, 'Bruksela', 3),
                                                                (12, 'Brugia', 3),
                                                                (13, 'Gandawa', 3),
                                                                (14, 'Warna', 4),
                                                                (15, 'Sofia', 4),
                                                                (16, 'Nessebar', 4),
                                                                (17, 'Dubrownik', 5),
                                                                (18, 'Hvar', 5),
                                                                (19, 'Split', 5),
                                                                (20, 'Zagrzeb', 5),
                                                                (21, 'Praga', 6),
                                                                (22, 'Hrensko', 6),
                                                                (23, 'Kopenhaga', 7),
                                                                (24, 'Skagen', 7),
                                                                (25, 'Tallin', 8),
                                                                (26, 'Helsinki', 9),
                                                                (27, 'Oulu', 9),
                                                                (28, 'Rovaniemi', 9),
                                                                (29, 'Paryż', 10),
                                                                (30, 'Marsylia', 10),
                                                                (31, 'Awinion', 10),
                                                                (32, 'Saint-Tropez', 10),
                                                                (33, 'Ateny', 11),
                                                                (34, 'Rodos', 11),
                                                                (35, 'Oia', 11),
                                                                (36, 'Barcelona', 12),
                                                                (37, 'San Sebastian', 12),
                                                                (38, 'Kordoba', 12),
                                                                (39, 'Amsterdam', 13),
                                                                (40, 'Zaanse Schans', 13),
                                                                (41, 'Dublin', 14),
                                                                (42, 'Rejkiawik', 15),
                                                                (43, 'Wilno', 16),
                                                                (44, 'Valletta', 17),
                                                                (45, 'Sliema', 17),
                                                                (46, 'Monako', 18),
                                                                (47, 'Berlin', 19),
                                                                (48, 'Hamburg', 19),
                                                                (49, 'Monachium', 19),
                                                                (50, 'Oslo', 20),
                                                                (51, 'Flam', 20),
                                                                (52, 'Sopot', 21),
                                                                (53, 'Zakopane', 21),
                                                                (54, 'Zamość', 21),
                                                                (55, 'Gdańsk', 21),
                                                                (56, 'Lizbona', 22),
                                                                (57, 'Carvoeiro', 22),
                                                                (58, 'Lagos', 22),
                                                                (59, 'Bukareszt', 23),
                                                                (60, 'Sybin', 23),
                                                                (61, 'San Marino', 24),
                                                                (62, 'Bratysława', 25),
                                                                (63, 'Lublana', 26),
                                                                (64, 'Savica', 26),
                                                                (65, 'Lucerna', 27),
                                                                (66, 'Sankt Moritz', 27),
                                                                (67, 'Sztokholm', 28),
                                                                (68, 'Ankara', 29),
                                                                (69, 'Antalya', 29),
                                                                (71, 'Efez', 29),
                                                                (72, 'Budapeszt', 30),
                                                                (73, 'Holloko', 30),
                                                                (74, 'Londyn', 31),
                                                                (75, 'Brighton', 31),
                                                                (76, 'Rzym', 32),
                                                                (77, 'Wenecja', 32),
                                                                (78, 'Asyż', 32),
                                                                (79, 'Leuca', 32),
                                                                (80, 'Nikozja', 33),
                                                                (81, 'Pafos', 33);

INSERT INTO `trips` (`id_trip`, `food`, `number_of_days`, `price`, `representative_photo`, `trip_description`, `type_of_trip`, `id_accommodation`, `id_city`, `id_transport`) VALUES
                                                                                                                                                                                  (1, 'śniadanie + kolacja', 5, 1500, 'https://i.wpimg.pl/O/1000x683/d.wpimg.pl/907326924-922629792/ateny_Anastasios71%20shutterstock_118048216.jpg', 'Pasjonaci historii i sztuki poczują się tutaj jak w raju, mogąc obejrzeć słynne budowle i rzeźby. Aby wymienić najbardziej interesujące atrakcje turystyczne tego kraju, należałoby napisać całą książkę. Grecja, kolebka zachodniej cywilizacji, przez większość swej historii nie stanowiła jednolitego organizmu państwowego. Jej części przechodziły z rąk do rąk, a każda z nacji, której historia splotła się z tymi ziemiami, pozostawiała coś po sobie.', 'lastMinute', 1, 33, 2),
                                                                                                                                                                                  (2, 'śniadanie', 11, 1230, 'https://fly.pl/wp-content/uploads/2019/07/Rodos-Kallithea_-Zatoka-Antonnego-Quinna.jpg', 'Wyspa Rodos to wakacyjny raj. Przemierzając wyspę wzdłuż i wszerz, można poczuć prawdziwą wolność i pełnię szczęścia, gdy wiatr tańczy we włosach, a powietrze przesycone jest aromatem ziół porastających górskie zbocza. By ułatwić wybór najlepszych hoteli przygotowaliśmy listę polecanych obiektów.', 'lastMinute', 2, 34, 3),
                                                                                                                                                                                  (3, 'kolacja', 6, 1700, 'https://cdn.getyourguide.com/img/tour/610babd8e1b07.jpeg/146.jpg', 'Prywatna, szeroka i malownicza piaszczysta plaża bezpośrednio przy hotelu z łagodnym dojściem do morza. Przy brzegu rafa koralowa (zalecane obuwie ochronne). Leżaki, materace, parasole i ręczniki dostępne bezpłatnie.', 'lastMinute', 2, 35, 1),
                                                                                                                                                                                  (4, 'śniadanie', 9, 3330, 'https://www.national-geographic.pl/media/cache/big/uploads/media/default/0014/53/ateny-kolebka-cywilizacji-i-demokracji-co-warto-zobaczyc-w-stolicy-grecji.jpeg', 'Prywatna, szeroka i malownicza piaszczysta plaża bezpośrednio przy hotelu z łagodnym dojściem do morza. Przy brzegu rafa koralowa (zalecane obuwie ochronne). Leżaki, materace, parasole i ręczniki dostępne bezpłatnie.', 'lastMinute', 2, 33, 2),
                                                                                                                                                                                  (5, 'śniadanie+kolacja', 5, 2200, 'https://dziendobry.tvn.pl/najnowsze/cdn-zdjecie-ou0rvr-wilno-5468941/alternates/LANDSCAPE_1280', 'Pasjonaci historii i sztuki poczują się tutaj jak w raju, mogąc obejrzeć słynne budowle i rzeźby. Aby wymienić najbardziej interesujące atrakcje turystyczne tego kraju, należałoby napisać całą książkę. Grecja, kolebka zachodniej cywilizacji, przez większość swej historii nie stanowiła jednolitego organizmu państwowego. Jej części przechodziły z rąk do rąk, a każda z nacji, której historia splotła się z tymi ziemiami, pozostawiała coś po sobie.', 'lastMinute', 2, 43, 4),
                                                                                                                                                                                  (6, 'śniadanie+kolacje', 5, 1022, 'https://www.fjords.com/wp-content/uploads/2022/08/oslo_oslofjord_lambda_opera_munch_fjords_norway-2000x1200.jpg', 'Prywatna, szeroka i malownicza piaszczysta plaża bezpośrednio przy hotelu z łagodnym dojściem do morza. Przy brzegu rafa koralowa (zalecane obuwie ochronne). Leżaki, materace, parasole i ręczniki dostępne bezpłatnie.', 'promocje', 3, 50, 1),
                                                                                                                                                                                  (7, 'śniadanie+kolacje+obiad', 11, 653, 'https://www.countryandtownhouse.com/wp-content/uploads/2023/02/GettyImages-1357022260.jpg', 'Prywatna, szeroka i malownicza piaszczysta plaża bezpośrednio przy hotelu z łagodnym dojściem do morza. Przy brzegu rafa koralowa (zalecane obuwie ochronne). Leżaki, materace, parasole i ręczniki dostępne bezpłatnie.', 'promocje', 2, 10, 3),
                                                                                                                                                                                  (8, 'śniadanie+kolacje', 3, 1222, 'https://www.wiecznatulaczka.pl/wp-content/uploads/2015/03/Czy-Zakopane-jest-%C5%82adne1.jpg', 'Prywatna, szeroka i malownicza piaszczysta plaża bezpośrednio przy hotelu z łagodnym dojściem do morza. Przy brzegu rafa koralowa (zalecane obuwie ochronne). Leżaki, materace, parasole i ręczniki dostępne bezpłatnie.', 'promocje', 1, 53, 3),
                                                                                                                                                                                  (9, 'śniadfanie+kolacje', 10, 1650, 'https://res.cloudinary.com/gofjords-com/image/upload/q_auto:low,f_auto,c_fill,w_2560/v1607338606/Blog%20Content/Bergen/Get%20the%20most%20out%20of%20Flam%20in%20a%20short%20time/Stegastein-viewpoint-Aurlandsfjord-Flam-1.jpg', 'Prywatna, szeroka i malownicza piaszczysta plaża bezpośrednio przy hotelu z łagodnym dojściem do morza. Przy brzegu rafa koralowa (zalecane obuwie ochronne). Leżaki, materace, parasole i ręczniki dostępne bezpłatnie.', 'egzotyka', 1, 51, 2),
                                                                                                                                                                                  (10, 'śniadanie+kolacje+obiad', 21, 1200, 'https://images.musement.com/cover/0079/43/thumb_7842996_cover_header.jpeg', 'Prywatna, szeroka i malownicza piaszczysta plaża bezpośrednio przy hotelu z łagodnym dojściem do morza. Przy brzegu rafa koralowa (zalecane obuwie ochronne). Leżaki, materace, parasole i ręczniki dostępne bezpłatnie.', 'egzotyka', 4, 40, 5),
                                                                                                                                                                                  (11, 'śniadanie+kolacje', 12, 1200, 'https://media.istockphoto.com/id/538600418/pl/zdj%C4%99cie/rzeki-vltava-rzeka-i-most-charle-z-czerwonej-li%C5%9Bcie.jpg?s=612x612&w=0&k=20&c=094e6vNYgQPyeVSLlgakEMLWnSCinOyrF_D_HlwjOe8=', 'Prywatna, szeroka i malownicza piaszczysta plaża bezpośrednio przy hotelu z łagodnym dojściem do morza. Przy brzegu rafa koralowa (zalecane obuwie ochronne). Leżaki, materace, parasole i ręczniki dostępne bezpłatnie.', 'egzotyka', 3, 21, 3),
                                                                                                                                                                                  (12, 'śniadaffnie+kolacje', 20, 1800, 'https://www.rego-bis.pl/upload/editor/phpmrej43.jpeg', 'Prywatna, szeroka i malownicza piaszczysta plaża bezpośrednio przy hotelu z łagodnym dojściem do morza. Przy brzegu rafa koralowa (zalecane obuwie ochronne). Leżaki, materace, parasole i ręczniki dostępne bezpłatnie.', 'egzotyka', 2, 1, 1),
                                                                                                                                                                                  (13, 'śniadfanie+kolacje', 10, 122, 'https://media.istockphoto.com/id/476653220/pl/zdj%C4%99cie/ghent.jpg?s=612x612&w=0&k=20&c=s8pExwpPI12GzyXoWMkmGbBzAJsJpPNS-OiawrbLSvc=', 'Prywatna, szeroka i malownicza piaszczysta plaża bezpośrednio przy hotelu z łagodnym dojściem do morza. Przy brzegu rafa koralowa (zalecane obuwie ochronne). Leżaki, materace, parasole i ręczniki dostępne bezpłatnie.', 'rejs', 1, 13, 4),
                                                                                                                                                                                  (14, 'śniadanie+kolacje+obiad', 21, 123, 'https://www.stenaline.pl/content/dam/stenaline/pl/content-fragments/destinations/sweden/destination/stockholm/_jcr_content/data/master.cfimg.85.1024.fileReference.jpeg/1636965540549/20190603-stockholm-old-town.jpeg', 'Prywatna, szeroka i malownicza piaszczysta plaża bezpośrednio przy hotelu z łagodnym dojściem do morza. Przy brzegu rafa koralowa (zalecane obuwie ochronne). Leżaki, materace, parasole i ręczniki dostępne bezpłatnie.', 'rejs', 2, 67, 3),
                                                                                                                                                                                  (15, 'śniadanie+kolacje', 12, 122, 'https://zamkiobronne.pl/wp-content/uploads/2017/09/holloko03.jpg', 'Prywatna, szeroka i malownicza piaszczysta plaża bezpośrednio przy hotelu z łagodnym dojściem do morza. Przy brzegu rafa koralowa (zalecane obuwie ochronne). Leżaki, materace, parasole i ręczniki dostępne bezpłatnie.', 'promocje', 2, 73, 4),
                                                                                                                                                                                  (16, 'śniadaffnie+kolacje', 20, 12229, 'https://wiedniu.pl/wp-content/uploads/2022/02/wieden.jpg', 'Prywatna, szeroka i malownicza piaszczysta plaża bezpośrednio przy hotelu z łagodnym dojściem do morza. Przy brzegu rafa koralowa (zalecane obuwie ochronne). Leżaki, materace, parasole i ręczniki dostępne bezpłatnie.', 'rejs', 4, 6, 3),
                                                                                                                                                                                  (17, 'śniadanie+kolacje', 10, 1900, 'https://naszepodroze.edu.pl/wp-content/uploads/2020/03/stolica-Chorwacji-1140x757.jpg', 'wakacje promocj3r3erere', 'allInclusive', 1, 20, 1),
                                                                                                                                                                                  (18, 'śniadanie+kolacje+obiad', 12, 875, 'https://i.wpimg.pl/1200x/i.wp.pl/a/f/jpeg/36675/dubrownik_sorin_colac_shutterstock.jpeg', 'wakacje promocj3r3werererere', 'allInclusive', 4, 17, 4),
                                                                                                                                                                                  (19, 'śniadanie+kolacje', 12, 1220, 'https://balkany.pl/wp-content/uploads/2021/10/split-nabrzeze-i-widok-z-lotu-ptaka-marjan-dalmacja-chorwacj_Split-shutterstock_311158274-scaled.jpg', 'allInclusive promocj3rrrrr3erere', 'allInclusive', 3, 19, 3),
                                                                                                                                                                                  (21, 'śniadfanie+kolacje', 10, 1400, 'https://media.travelbay.pl/images/europa/francja/saint-tropez/saint-tropez-2.jpeg?tr=n-hero', 'wakacje promocj3r3erere', 'allInclusive', 2, 32, 2),
                                                                                                                                                                                  (22, 'śniadanie+kolacje', 10, 122, 'https://norwegiairesztaświata.pl/wp-content/uploads/2022/10/DSC_0179-02-1140x759.jpeg', 'Prywatna, szeroka i malownicza piaszczysta plaża bezpośrednio przy hotelu z łagodnym dojściem do morza. Przy brzegu rafa koralowa (zalecane obuwie ochronne). Leżaki, materace, parasole i ręczniki dostępne bezpłatnie.', 'dlugiPobyt', 3, 67, 2),
                                                                                                                                                                                  (23, 'śniadanie+kolacje+obiad', 21, 6503, 'https://media.travelbay.pl/images/europa/dania/skagen/skagen-4.jpg', 'Prywatna, szeroka i malownicza piaszczysta plaża bezpośrednio przy hotelu z łagodnym dojściem do morza. Przy brzegu rafa koralowa (zalecane obuwie ochronne). Leżaki, materace, parasole i ręczniki dostępne bezpłatnie.', 'dlugiPobyt', 2, 24, 4),
                                                                                                                                                                                  (24, 'śniadanie+kolacje', 4, 122, 'https://app.camprest.com/BlogPost/Content%202022/Turystyka/Belgia/Projekt%20bez%20tytu%C5%82u%20-%202022-08-18T113112.796.png', 'Prywatna, szeroka i malownicza piaszczysta plaża bezpośrednio przy hotelu z łagodnym dojściem do morza. Przy brzegu rafa koralowa (zalecane obuwie ochronne). Leżaki, materace, parasole i ręczniki dostępne bezpłatnie.', 'promocje', 4, 11, 4),
                                                                                                                                                                                  (25, 'śniadaffnie+kolacje', 20, 1222, 'https://www.gdzie-i-kiedy.pl/site/images/illustration/sliema.jpg', 'Prywatna, szeroka i malownicza piaszczysta plaża bezpośrednio przy hotelu z łagodnym dojściem do morza. Przy brzegu rafa koralowa (zalecane obuwie ochronne). Leżaki, materace, parasole i ręczniki dostępne bezpłatnie.', 'dlugiPobyt', 1, 45, 3),
                                                                                                                                                                                  (26, 'śniadfanie+kolacje', 3, 122, 'https://f4fcdn.eu/wp-content/uploads/2018/10/Brugia2000ST.jpg', 'Prywatna, szeroka i malownicza piaszczysta plaża bezpośrednio przy hotelu z łagodnym dojściem do morza. Przy brzegu rafa koralowa (zalecane obuwie ochronne). Leżaki, materace, parasole i ręczniki dostępne bezpłatnie.', 'krotkiUrlop', 1, 12, 2),
                                                                                                                                                                                  (27, 'śniadanie+kolacje+obiad', 5, 680, 'https://www.travelsicht.de/wp-content/uploads/2023/02/korca-1180x885.jpg', 'Prywatna, szeroka i malownicza piaszczysta plaża bezpośrednio przy hotelu z łagodnym dojściem do morza. Przy brzegu rafa koralowa (zalecane obuwie ochronne). Leżaki, materace, parasole i ręczniki dostępne bezpłatnie.', 'krotkiUrlop', 4, 4, 3),
                                                                                                                                                                                  (28, 'śniadanie+kolacje', 6, 1220, 'https://podroztrwa.pl/wp-content/uploads/2021/04/marseille-4615791_1920-min.jpg', 'Prywatna, szeroka i malownicza piaszczysta plaża bezpośrednio przy hotelu z łagodnym dojściem do morza. Przy brzegu rafa koralowa (zalecane obuwie ochronne). Leżaki, materace, parasole i ręczniki dostępne bezpłatnie.', 'krotkiUrlop', 3, 30, 1),
                                                                                                                                                                                  (29, 'śniadaffnie+kolacje', 4, 1400, 'https://henriwillig.com/site-henriwillig/assets/files/1112/catharinahoeve.jpg', 'Prywatna, szeroka i malownicza piaszczysta plaża bezpośrednio przy hotelu z łagodnym dojściem do morza. Przy brzegu rafa koralowa (zalecane obuwie ochronne). Leżaki, materace, parasole i ręczniki dostępne bezpłatnie.', 'krotkiUrlop', 2, 40, 4),
                                                                                                                                                                                  (30, 'śniadfanie+kolacje', 10, 1850, 'https://i.wpimg.pl/O/860x493/d.wpimg.pl/900651685--1872249437/shutterstock_300856853.jpg', 'Prywatna, szeroka i malownicza piaszczysta plaża bezpośrednio przy hotelu z łagodnym dojściem do morza. Przy brzegu rafa koralowa (zalecane obuwie ochronne). Leżaki, materace, parasole i ręczniki dostępne bezpłatnie.', 'wakacjeRodzina', 3, 21, 2),
                                                                                                                                                                                  (31, 'śniadanie+kolacje+obiad', 13, 6503, 'https://www.grecos.pl/-/media/grecos/przewodniki/rodos/grecos-rodos-007.ashx', 'Prywatna, szeroka i malownicza piaszczysta plaża bezpośrednio przy hotelu z łagodnym dojściem do morza. Przy brzegu rafa koralowa (zalecane obuwie ochronne). Leżaki, materace, parasole i ręczniki dostępne bezpłatnie.', 'wakacjeRodzina', 1, 34, 3),
                                                                                                                                                                                  (32, 'śniadanie+kolacje', 12, 1600, 'https://i.iplsc.com/brighton-beach/00062SXY4MT9VOPK-C122-F4.jpg', 'Prywatna, szeroka i malownicza piaszczysta plaża bezpośrednio przy hotelu z łagodnym dojściem do morza. Przy brzegu rafa koralowa (zalecane obuwie ochronne). Leżaki, materace, parasole i ręczniki dostępne bezpłatnie.', 'wakacjeRodzina', 4, 75, 4),
                                                                                                                                                                                  (33, 'śniadaffnie+kolacje', 10, 1500, 'https://media.travelbay.pl/images/europa/hiszpania/kordoba/kordoba-2.jpg?tr=n-open_graph', 'Prywatna, szeroka i malownicza piaszczysta plaża bezpośrednio przy hotelu z łagodnym dojściem do morza. Przy brzegu rafa koralowa (zalecane obuwie ochronne). Leżaki, materace, parasole i ręczniki dostępne bezpłatnie.', 'wakacjeRodzina', 2, 38, 1);

INSERT INTO `attractions_trips` (`id_trip`, `id_attraction`) VALUES
                                                                 (1, 1),
                                                                 (1, 2),
                                                                 (1, 3),
                                                                 (2, 2),
                                                                 (2, 4),
                                                                 (2, 5),
                                                                 (2, 8),
                                                                 (3, 3),
                                                                 (6, 4),
                                                                 (6, 6),
                                                                 (17, 1),
                                                                 (17, 7),
                                                                 (22, 5),
                                                                 (25, 1),
                                                                 (29, 2),
                                                                 (29, 4);

INSERT INTO `types_of_rooms` (`id_type_of_room`, `room_price`, `type`) VALUES
                                                                           (1, 180, 'pokój jednoosobowy'),
                                                                           (2, 360, 'pokój dwuosobowy'),
                                                                           (3, 360, 'pokój z dwoma jednoosobowymi łóżkami'),
                                                                           (4, 540, 'pokój trzyosobowy'),
                                                                           (5, 950, 'apartament');

INSERT INTO `photos` (`id_photo`, `url_photo`, `id_trip`) VALUES
                                                              (1, 'https://i.wpimg.pl/O/1000x683/d.wpimg.pl/907326924-922629792/ateny_Anastasios71%20shutterstock_118048216.jpg', 1),
                                                              (2, 'https://fly.pl/wp-content/uploads/2019/07/Rodos-Kallithea_-Zatoka-Antonnego-Quinna.jpg', 2),
                                                              (3, 'https://www.wiecznatulaczka.pl/wp-content/uploads/2015/03/Czy-Zakopane-jest-%C5%82adne1.jpg', 3),
                                                              (4, 'https://www.uniqa.pl/files/_processed_/0/6/csm_planowanie-wakacji_7a8751987e.jpg', 4),
                                                              (5, 'https://arc.com.pl/wp-content/uploads/2021/06/Plaz%CC%87a_ok-940x675.png', 5),
                                                              (6, 'https://www.fjords.com/wp-content/uploads/2022/08/oslo_oslofjord_lambda_opera_munch_fjords_norway-2000x1200.jpg', 6),
                                                              (7, 'https://www.countryandtownhouse.com/wp-content/uploads/2023/02/GettyImages-1357022260.jpg', 7),
                                                              (8, 'https://travelstory.pl/wp-content/uploads/2021/07/travelstory.pl-zakopane-3.jpg', 8),
                                                              (9, 'https://res.cloudinary.com/gofjords-com/image/upload/q_auto:low,f_auto,c_fill,w_2560/v1607338606/Blog%20Content/Bergen/Get%20the%20most%20out%20of%20Flam%20in%20a%20short%20time/Stegastein-viewpoint-Aurlandsfjord-Flam-1.jpg', 9),
                                                              (10, 'https://media.travelbay.pl/images/europa/hiszpania/kordoba/kordoba-2.jpg?tr=n-open_graph', 10),
                                                              (11, 'https://media.istockphoto.com/id/538600418/pl/zdj%C4%99cie/rzeki-vltava-rzeka-i-most-charle-z-czerwonej-li%C5%9Bcie.jpg?s=612x612&w=0&k=20&c=094e6vNYgQPyeVSLlgakEMLWnSCinOyrF_D_HlwjOe8=', 11),
                                                              (12, 'https://www.uniqa.pl/files/_processed_/0/6/csm_planowanie-wakacji_7a8751987e.jpg', 12),
                                                              (13, 'https://arc.com.pl/wp-content/uploads/2021/06/Plaz%CC%87a_ok-940x675.png', 9),
                                                              (14, 'https://wakacyjnapolisa.pl/wp-content/uploads/2015/05/youth-570881-1024x682.jpg', 10),
                                                              (15, 'https://cdn.galleries.smcloud.net/t/galleries/gf-prA5-Rpp6-Smxr_wakacje-1920x1080-nocrop.jpg', 11),
                                                              (16, 'https://www.rego-bis.pl/upload/editor/phpmrej43.jpeg', 12),
                                                              (17, 'https://www.travelplanet.pl/dbphotos/przewodnik/ateny_2241.jpg', 1),
                                                              (18, 'https://wf1.xcdn.pl/files/21/08/26/973730_oliP_acropolis12044_83.jpg.webp', 1),
                                                              (19, 'https://www.traveligo.pl/zdjecia/Grecja/Ateny/Zakochani_w_Atenach/Zakochani_w_Atenach_Ateny_Grecja-e193f23dc0c1fe61f98c6127978eeecd.webp', 1),
                                                              (20, 'https://www.momondo.pl/rimg/himg/d8/cd/8b/expediav2-168072-3637658627-968984.jpg?width=720&height=576&crop=true', 2),
                                                              (21, 'https://media.travelbay.pl/images/europa/francja/saint-tropez/saint-tropez-2.jpeg?tr=n-hero', 21),
                                                              (22, 'https://norwegiairesztaświata.pl/wp-content/uploads/2022/10/DSC_0179-02-1140x759.jpeg', 22),
                                                              (23, 'https://media.travelbay.pl/images/europa/dania/skagen/skagen-4.jpg', 23),
                                                              (24, 'https://app.camprest.com/BlogPost/Content%202022/Turystyka/Belgia/Projekt%20bez%20tytu%C5%82u%20-%202022-08-18T113112.796.png', 24),
                                                              (25, 'https://www.gdzie-i-kiedy.pl/site/images/illustration/sliema.jpg', 25),
                                                              (26, 'https://f4fcdn.eu/wp-content/uploads/2018/10/Brugia2000ST.jpg', 26),
                                                              (27, 'https://www.travelsicht.de/wp-content/uploads/2023/02/korca-1180x885.jpg', 27),
                                                              (28, 'https://podroztrwa.pl/wp-content/uploads/2021/04/marseille-4615791_1920-min.jpg', 28),
                                                              (29, 'https://henriwillig.com/site-henriwillig/assets/files/1112/catharinahoeve.jpg', 29),
                                                              (30, 'https://i.wpimg.pl/O/860x493/d.wpimg.pl/900651685--1872249437/shutterstock_300856853.jpg', 30),
                                                              (31, 'https://www.grecos.pl/-/media/grecos/przewodniki/rodos/grecos-rodos-007.ashx', 31),
                                                              (32, 'https://i.iplsc.com/brighton-beach/00062SXY4MT9VOPK-C122-F4.jpg', 32),
                                                              (33, 'https://media.travelbay.pl/images/europa/hiszpania/kordoba/kordoba-2.jpg?tr=n-open_graph', 33),
                                                              (34, 'https://dcontent.inviacdn.net/shared/img/web-654x382/2020/9/2/d1/26546767.jpg', 2),
                                                              (35, 'https://www.decormint.com/storage/thumbs/fotolia/126086896/thumbnw_3d940df66a8bfa4bf4b26f0f1c5c186d.jpg', 3),
                                                              (36, 'https://www.national-geographic.pl/media/cache/big/uploads/media/default/0014/53/ateny-kolebka-cywilizacji-i-demokracji-co-warto-zobaczyc-w-stolicy-grecji.jpeg', 4),
                                                              (37, 'https://dziendobry.tvn.pl/najnowsze/cdn-zdjecie-ou0rvr-wilno-5468941/alternates/LANDSCAPE_1280', 5),
                                                              (38, 'https://zamkiobronne.pl/wp-content/uploads/2017/09/holloko03.jpg', 15),
                                                              (39, 'https://www.wiecznatulaczka.pl/wp-content/uploads/2015/03/Czy-Zakopane-jest-%C5%82adne1.jpg', 8),
                                                              (40, 'https://wiedniu.pl/wp-content/uploads/2022/02/wieden.jpg', 16),
                                                              (41, 'https://www.stenaline.pl/content/dam/stenaline/pl/content-fragments/destinations/sweden/destination/stockholm/_jcr_content/data/master.cfimg.85.1024.fileReference.jpeg/1636965540549/20190603-stockholm-old-town.jpeg', 14),
                                                              (42, 'https://media.istockphoto.com/id/476653220/pl/zdj%C4%99cie/ghent.jpg?s=612x612&w=0&k=20&c=s8pExwpPI12GzyXoWMkmGbBzAJsJpPNS-OiawrbLSvc=', 13),
                                                              (43, 'https://balkany.pl/wp-content/uploads/2021/10/split-nabrzeze-i-widok-z-lotu-ptaka-marjan-dalmacja-chorwacj_Split-shutterstock_311158274-scaled.jpg', 19),
                                                              (44, 'https://i.wpimg.pl/1200x/i.wp.pl/a/f/jpeg/36675/dubrownik_sorin_colac_shutterstock.jpeg', 18),
                                                              (45, 'https://naszepodroze.edu.pl/wp-content/uploads/2020/03/stolica-Chorwacji-1140x757.jpg', 17);
